﻿余花にみとれて,25,X
25時の情熱,25,X
Where shall we go？,26,X
心做し,26,X
Goodbye,26,X
Tell Your World,26,X
自傷無色,26,X
ハジメテノオト,26,X
メタモリボン,26,X
Copycat,26,X
エピローグに君はいない,26,X
夜明けと蛍,26,X
ray,26,X
すれすれ,26,X
アイノマテリアル,26,X
オーダーメイド,26,X
泥中に咲く,26,X
独りんぼエンヴィー,26,X
それがあなたの幸せとしても,26,X
君の夜をくれ,26,X
カナデトモスソラ,26,X
インタビュア,26,X
メリュー,26,X
ハッピーチートデー,26,X
glow,26,X
彗星ノ銀河,26,X
ノマド,26,X
相生,26,X
ECHO,26,X
トワイライトライト,26,X
いちにのさんで,26,X
再生,26,X
エターナルアリア,27,X
天使のクローバー,27,X
未完成讃歌,27,X
キラー,27,X
フロイライン＝ビブリォチカ,27,X
春嵐,27,X
厨病激発ボーイ,27,X
ARQETYPE,27,X
CIRCUS PANIC！！！,27,X
ゴーストルール,27,X
熱異常,27,X
青く駆けろ！,27,X
新人類,27,X
グリーンライツ・セレナーデ,27,X
SnowMix♪,27,X
きゅうくらりん,27,X
カゲロウデイズ,27,X
チルドレンレコード,27,X
テオ,27,X
そうだった！！,27,X
アンヘル,27,X
心泥夢(syndrome),27,X
悪ノ娘,27,X
CYBERPUNK DEAD BOY,27,X
「1」,27,X
そこに在る、光。,27,X
Shadow Shadow,27,X
悪ノ召使,27,X
MOTTO!!!,27,X
On＆On,27,X
ONESELF,27,X
世界を照らすテトラッド,27,X
にっこり^^調査隊のテーマ,27,X
パリィ,27,X
ときめきジェットコースター,27,X
ドクター＝ファンクビート,27,X
ニア,27,X
星空のメロディー,27,X
on the rocks,27,X
イフ,27,X
トリノコシティ,27,X
ラグトレイン,27,X
虚ろを扇ぐ,27,X
Sharing The World,27,X
心拍数#0822,27,X
セツナトリップ,27,X
脳内革命ガール,27,X
トラッシュ・アンド・トラッシュ！,27,X
ヒアソビ,27,X
砂の惑星,27,X
スイートマジック,27,X
箱庭のコラル,27,X
番凩,27,X
街,27,X
青色絵具,27,X
from Y to Y,27,X
メランコリック,27,X
ダブルラリアット,27,X
千年の独奏歌,27,X
ずんだパーリナイ,27,X
十六歳の心臓,27,X
眠らせ姫からの贈り物,27,X
alive,27,X
セカイ,27,X
群青讃歌,27,X
フロート・プランナー,27,X
ブラック★ロックシューター,27,X
Vampire`s ∞ pathoS,27,X
からくりピエロ,27,X
私の恋はヘルファイア,27,X
レイヤーノート,27,X
ロンリーユニバース,27,X
flos,27,X
トンデモワンダーズ,27,X
徳川カップヌードル禁止令,27,X
メルティランドナイトメア,27,X
化けの花,27,X
Afterglow,27,X
アイスドロップ,27,X
Blessing,27,X
タイムマシン,27,X
おこちゃま戦争,27,X
私は、私達は,27,X
妄想感傷代償連盟,27,X
愛されなくても君がいる,27,X
炉心融解,27,X
深海少女,27,X
ネクストネスト,27,X
どりーみんチュチュ,27,X
フューチャー・イヴ,27,X
幽霊東京,27,X
ハロ／ハワユ,27,X
少女レイ,27,X
キラピピ★キラピカ,27,X
恋は戦争,27,X
脳天,27,X
烈火,27,X
blender,27,X
脳漿炸裂ガール,28,X
東京テディベア,28,X
去り人達のワルツ,28,X
円尾坂の仕立屋,28,X
超最終鬼畜妹フランドール・S,28,X
君色マリンスノウ,28,X
エンヴィーベイビー,28,X
ロミオとシンデレラ,28,X
アイディスマイル,28,X
ヒバナ -Reloaded-,28,X
Brand New Day,28,X
初音天地開闢神話,28,X
演劇,28,X
ハイドアンド・シーク,28,X
夜もすがら君想ふ,28,X
ミライ,28,X
キティ,28,X
シャルル,28,X
Just Be Friends,28,X
悪徳のジャッジメント,28,X
カルチャ,28,X
インテグラル,28,X
ガーネットの涙,28,X
Hand in Hand,28,X
purpose,28,X
『んっあっあっ。』,28,X
林檎売りの泡沫少女,28,X
Q,28,X
LEADER,28,X
ストロボラスト,28,X
ぼくのかみさま,28,X
サイハテ,28,X
古書屋敷殺人事件,28,X
39みゅーじっく！,28,X
きみとぼくのレゾナンス,28,X
Worlders,28,X
私は雨,28,X
Wonder Style,28,X
絶え間なく藍色,28,X
ハッピーシンセサイザ,28,X
フロムトーキョー,28,X
Beyond the way,28,X
CH4NGE,28,X
拝啓ドッペルゲンガー,28,X
インビジブル,28,X
"Hello, worker",28,X
踊れオーケストラ,28,X
ウミユリ海底譚,28,X
心拍ペアリング,28,X
夏に透明,28,X
いーあるふぁんくらぶ,28,X
ツギハギスタッカート,28,X
ラッキー☆オーブ,28,X
心予報,28,X
ボトルケーキ,28,X
太陽系デスコ,28,X
強風オールバック,28,X
だんだん早くなる,28,X
夏夜ノ唄,28,X
こちら、幸福安心委員会です。,28,X
明鏡止水,28,X
ぼくらの16bit戦争,28,X
僕らまだアンダーグラウンド,28,X
ヒビカセ,28,X
サマータイムレコード,28,X
愛して愛して愛して,28,X
スマイル*シンフォニー,28,X
Un-Lock,28,X
フラジール,28,X
我らステインバスターズ！,28,X
星を繋ぐ,28,X
Dear,28,X
みくみくにしてあげる♪【してやんよ】,28,X
パラジクロロベンゼン,28,X
Change me,28,X
ULTRA C,28,X
Unpoison,28,X
マインドブランド,28,X
酔いどれ知らず,28,X
Color of Drops,28,X
トキヲ・ファンカ,28,X
ワールド・ランプシェード［reunion］,28,X
キャットフード,28,X
CR詠ZY,28,X
ひつじがいっぴき,28,X
トラフィック・ジャム,28,X
乙女解剖,28,X
きょうもハレバレ,28,X
うっせえわ,28,X
命ばっかり,28,X
はじまりの未来,28,X
JUNPIN’ OVER！,28,X
Peaky Peaky,28,X
AMARA(大未来電脳),28,X
トリコロージュ,28,X
ココロ,28,X
威風堂々,28,X
抜錨,28,X
WAVE,28,X
仮死化,28,X
Forward,28,X
とても痛い痛がりたい,28,X
1000年生きてる,28,X
Highlight,28,X
ジウダス,28,X
恋愛裁判,28,X
ワンスアポンアドリーム,28,X
豚になって yeah yeah,28,X
ド屑,28,X
陽だまりのセツナ,28,X
1925,28,X
Supernova,28,X
帝国少女,28,X
パレットには君がいっぱい,28,X
アイロニ,28,X
ガランド,28,X
天使の翼。,28,X
ワールドイズマイン,29,X
とても素敵な六月でした,29,X
マーシャル・マキシマイザー,29,X
メルト,29,X
アスノヨゾラ哨戒班,29,X
ODDS & ENDS,29,X
テレキャスタービーボーイ,29,X
Leia ー Remind,29,X
needLe,29,X
幽光、1/fのゆらめき,29,X
"Hello,world!",29,X
くうになる,29,X
マシュマリー,29,X
Bad Apple!! feat.SEKAI,29,X
生命性シンドロウム,29,X
星界ちゃんと可不ちゃんのおつかい合騒曲,29,X
雨とペトラ,29,X
FREELY TOMORROW,29,X
えれくとりっく・えんじぇぅ,29,X
Sage,29,X
神のまにまに,29,X
如月アテンション,29,X
NEO,29,X
UNDERWATER,29,X
リモコン,29,X
フューエル,29,X
金木犀,29,X
はぐ,29,X
おどロボ,29,X
ルカルカ★ナイトフィーバー,29,X
Beat Eater,29,X
DREAM PLACE,29,X
お気に召すまま,29,X
メインキャラクター,29,X
あいのうた,29,X
ワーワーワールド,29,X
転生林檎,29,X
スーパーヒーロー,29,X
39,29,X
FUN!!,29,X
Nostalogic,29,X
はしる！とおく！とどく！,29,X
Cool Me Down,29,X
アイドル新鋭隊,29,X
メリーゴーラウンド,29,X
フィラメントフィーバー,29,X
ラブカ？,29,X
花溺れ,29,X
コールボーイ,29,X
初めての恋が終わる時,29,X
まにまに,29,X
悪役にキスシーンを,29,X
ロキ,29,X
携帯恋話,29,X
デビルじゃないもん,29,X
Bad ∞ End ∞ Night,29,X
ビバハピ,29,X
ファイアダンス,29,X
QUEEN,29,X
終焉逃避行,29,X
セカイはまだ始まってすらいない,29,X
ブレス・ユア・ブレス,29,X
レグルス,29,X
エンパープル,29,X
Flyway,29,X
Blue Star,29,X
p.h.,29,X
星空オーケストラ,29,X
月光,29,X
Journey,29,X
熱風,29,X
Flyer！,29,X
だれかの心臓になれたなら,29,X
その音が鳴るなら,29,X
踊,29,X
Henceforth,29,X
幾望の月,29,X
悪食娘コンチータ,29,X
ドーナツホール,29,X
＊ハロー、プラネット。,29,X
Booo！,29,X
それでもいいんだよ,29,X
カンタレラ,29,X
Be The MUSIC！,29,X
DAYBREAK FRONTLINE,29,X
PaⅢ.SENSATION,29,X
六兆年と一夜物語,29,X
名も無き革命,29,X
ジャックポットサッドガール,29,X
天樂,29,X
YY,29,X
ベノム,29,X
ナンセンス文学,29,X
あったかいと,29,X
レッドランドマーカー,29,X
ドラマツルギー,29,X
エイリアンエイリアン,29,X
リアライズ,29,X
サンドリヨン 10th Anniversary,29,X
Ready Steady,29,X
アイムマイン,29,X
天ノ弱,29,X
ボッカデラベリタ,29,X
88☆彡,29,X
モザイクロール(Reloaded),29,X
さよならプリンセス,29,X
フォニィ,29,X
スノーマン,29,X
嗚呼、素晴らしきニャン生,29,X
いかないで,29,X
快晴,29,X
ロストエンファウンド,29,X
アコトバ,29,X
カトラリー,29,X
potatoになっていく,29,X
阿吽のビーツ,29,X
Miku,29,X
ヴィラン,29,X
神っぽいな,29,X
ニジイロストーリーズ,29,X
drop pop candy,29,X
結ンデ開イテ羅刹ト骸,29,X
Gimme × Gimme,29,X
シネマ,29,X
folern,30,X
さよならプリンセス,30,X
MarbleBlue.,30,X
春嵐,30,X
マトリョシカ,30,X
初音ミクの消失,30,X
"Help me, ERINNNNNN!!",30,X
スロウダウナー,30,X
ステラ,30,X
命に嫌われている,30,X
アンノウン・マザーグース,30,X
え？あぁ、そう。,30,X
エターナルアリア,30,X
合成するミライ,30,X
レイニースノードロップ,30,X
初音ミクの激唱,30,X
SnowMix♪,30,X
ブループラネット,30,X
オペラ！スペースオペラ！,30,X
我儘姫,30,X
キュートなカノジョ,30,X
キャットラビング,30,X
ピアノ×フォルテ×スキャンダル,30,X
おちゃめ機能,30,X
難聴系男子が倒せない,30,X
ヴァンパイア,30,X
それでも僕らは歌うことをやめない,30,X
アンテナ39,30,X
ザムザ,30,X
CYBERPUNK DEAD BOY,30,X
下剋上,30,X
METEOR,30,X
ショウタイム・ルーラー,30,X
夜に駆ける,30,X
一千光年,30,X
チームメイト,30,X
妄想アスパルテーム,30,X
腐れ外道とチョコレゐト,30,X
のだ,30,X
みかぼし,30,X
だめにんげんだ！,30,X
ダンスロボットダンス,30,X
アトラクトライト,30,X
ダーリンダンス,30,X
あちこちデートさん,30,X
Don’t Fight The Music,30,X
裏表ラバーズ,30,X
夜咄ディセイブ,30,X
Voices,30,X
劣等上等,30,X
リレイアウター,30,X
混沌ブギ,30,X
KING,30,X
ブリキノダンス,30,X
シャンティ,30,X
フェレス,30,X
ネクストネスト,30,X
悔やむと書いてミライ,30,X
STAGE OF SEKAI,30,X
シークレット・シーカー,30,X
リンちゃんなう！,30,X
ワールズ・エンド・ダンスホール,30,X
the WALL,30,X
Calc.,30,X
パンダヒーロー,30,X
ヘイヴン,30,X
ONESELF,30,X
スターダストメドレー,30,X
ラストスコア,30,X
magic number,30,X
てらてら,30,X
ワールド・ランプシェード［reunion］,30,X
サラマンダー,30,X
Disco No.39,30,X
グッバイ宣言,30,X
Glory Steady Go！,30,X
星屑ユートピア,30,X
ミルククラウン・オン・ソーネチカ,30,X
RAD DOGS,30,X
パラソルサイダー,30,X
しっくおぶはうす！,30,X
フレー,30,X
ミラクルペイント,30,X
泡沫未来,30,X
Awake Now,30,X
オーバーコード,30,X
Decade,30,X
花を唄う,30,X
嬢王,31,X
メモリア,31,X
キラー,31,X
ポッピンキャンディ☆フィーバー！,31,X
ローリンガール,31,X
ちがう!!!,31,X
おぎゃりないざー,31,X
ARQETYPE,31,X
きゅうくらりん,31,X
the EmpErroR,31,X
ポジティブ☆ダンスタイム,31,X
アンハッピーリフレイン,31,X
What`s up？Pop！,31,X
気まぐれメルシィ,31,X
limbo,31,X
ネトゲ廃人シュプレヒコール,31,X
エゴロック,31,X
マシンガンポエムドール,31,X
エンドマークに希望と涙を添えて,31,X
霽れを待つ,31,X
世界を照らすテトラッド,31,X
アイデンティティ,31,X
キティ,31,X
ときめきジェットコースター,31,X
パリィ,31,X
にっこり^^調査隊のテーマ,31,X
脳内革命ガール,31,X
ヒアソビ,31,X
未完成讃歌,31,X
流星のパルス,31,X
悪魔の踊り方,31,X
モア！ジャンプ！モア！,31,X
心泥夢(syndrome),31,X
新人類,31,X
ジャンキーナイトタウンオーケストラ,31,X
コスモスパイス,31,X
すきなことだけでいいです,31,X
人生,31,X
天使のクローバー,31,X
ショウタイム×オーディエンス,31,X
ももいろの鍵,31,X
Iなんです,31,X
そうだった！！,31,X
おこちゃま戦争,31,X
アンヘル,31,X
十六歳の心臓,31,X
HERO,31,X
トラッシュ・アンド・トラッシュ！,31,X
ジェヘナ,31,X
ダイジョブですか？,31,X
I know 愛脳.,31,X
成敗いたAAAAAす！,31,X
ヤミナベ！！！！,31,X
脱法ロック,31,X
ずんだパーリナイ,31,X
私の恋はヘルファイア,31,X
ぼうけんのしょがきえました！,31,X
カゲロウデイズ,31,X
グリーンライツ・セレナーデ,31,X
メスマライザー,31,X
君色マリンスノウ,31,X
徳川カップヌードル禁止令,31,X
東京テディベア,31,X
オルターエゴ,31,X
フロイライン＝ビブリォチカ,31,X
地球最後の告白を,31,X
エゴイスト,31,X
Blackjack,31,X
右肩の蝶,31,X
限りなく灰色へ,31,X
Happy Halloween,31,X
魔法みたいなミュージック！,31,X
ノンブレス・オブリージュ,31,X
Vampire`s ∞ pathoS,31,X
チュルリラ・チュルリラ・ダッダッダ！,31,X
Mr.Showtime,31,X
イガク,31,X
ロウワー,31,X
化けの花,31,X
超最終鬼畜妹フランドール・S,32,X
テオ,32,X
チルドレンレコード,32,X
folern,32,X
セツナトリップ,32,X
拝啓ドッペルゲンガー,32,X
星界ちゃんと可不ちゃんのおつかい合騒曲,32,X
フィクサー,32,X
シルバーコレクター,32,X
snooze,32,X
ビターチョコデコレーション,32,X
バグ,32,X
厨病激発ボーイ,32,X
ドクター＝ファンクビート,32,X
Sage,32,X
CIRCUS PANIC！！！,32,X
インビジブル,32,X
Brand New Day,32,X
フューチャー・イヴ,32,X
熱異常,32,X
脳漿炸裂ガール,32,X
ヒバナ -Reloaded-,32,X
プロトディスコ,32,X
千本桜,32,X
トンデモワンダーズ,32,X
生命性シンドロウム,33,X
嬢王,33,X
おぎゃりないざー,34,X
エンドマークに希望と涙を添えて,35,X
マシンガンポエムドール,35,X
腐れ外道とチョコレゐト,35,X
the EmpErroR,36,X
MarbleBlue.,33,X
初音天地開闢神話,33,X
ゴーストルール,33,X
ロストワンの号哭,33,X
ぼくらの16bit戦争,33,X
メモリア,34,X
ダイジョブですか？,34,X
初音ミクの激唱,34,X
初音ミクの消失,35,X
Don’t Fight The Music,35,X
六兆年と一夜物語,35,X
What`s up？Pop！,37,X
人生,37,X
ヤミナベ！！！！,37,X
AMARA(大未来電脳),34,X
